1,./openface_data/aligned-images/Reverend Chris/1.png
1,./openface_data/aligned-images/Reverend Chris/11.png
1,./openface_data/aligned-images/Reverend Chris/17.png
1,./openface_data/aligned-images/Reverend Chris/8.png
1,./openface_data/aligned-images/Reverend Chris/9.png
1,./openface_data/aligned-images/Reverend Chris/20.png
1,./openface_data/aligned-images/Reverend Chris/16.png
1,./openface_data/aligned-images/Reverend Chris/21.png
1,./openface_data/aligned-images/Reverend Chris/19.png
1,./openface_data/aligned-images/Reverend Chris/15.png
1,./openface_data/aligned-images/Reverend Chris/6.png
1,./openface_data/aligned-images/Reverend Chris/14.png
1,./openface_data/aligned-images/Reverend Chris/13.png
1,./openface_data/aligned-images/Reverend Chris/12.png
1,./openface_data/aligned-images/Reverend Chris/3.png
1,./openface_data/aligned-images/Reverend Chris/10.png
1,./openface_data/aligned-images/Reverend Chris/2.png
1,./openface_data/aligned-images/Reverend Chris/5.png
1,./openface_data/aligned-images/Reverend Chris/4.png
1,./openface_data/aligned-images/Reverend Chris/18.png
2,./openface_data/aligned-images/Olly/15.png
2,./openface_data/aligned-images/Olly/11.png
2,./openface_data/aligned-images/Olly/4.png
2,./openface_data/aligned-images/Olly/19.png
2,./openface_data/aligned-images/Olly/12.png
2,./openface_data/aligned-images/Olly/1.png
2,./openface_data/aligned-images/Olly/14.png
2,./openface_data/aligned-images/Olly/6.png
2,./openface_data/aligned-images/Olly/18.png
2,./openface_data/aligned-images/Olly/16.png
2,./openface_data/aligned-images/Olly/13.png
2,./openface_data/aligned-images/Olly/5.png
2,./openface_data/aligned-images/Olly/21.png
2,./openface_data/aligned-images/Olly/8.png
2,./openface_data/aligned-images/Olly/10.png
2,./openface_data/aligned-images/Olly/3.png
2,./openface_data/aligned-images/Olly/2.png
2,./openface_data/aligned-images/Olly/17.png
2,./openface_data/aligned-images/Olly/20.png
2,./openface_data/aligned-images/Olly/9.png
2,./openface_data/aligned-images/Olly/7.png
3,./openface_data/aligned-images/Josh/22.png
3,./openface_data/aligned-images/Josh/21.png
3,./openface_data/aligned-images/Josh/9.png
3,./openface_data/aligned-images/Josh/11.png
3,./openface_data/aligned-images/Josh/18.png
3,./openface_data/aligned-images/Josh/7.png
3,./openface_data/aligned-images/Josh/20.png
3,./openface_data/aligned-images/Josh/4.png
3,./openface_data/aligned-images/Josh/8.png
3,./openface_data/aligned-images/Josh/13.png
3,./openface_data/aligned-images/Josh/10.png
3,./openface_data/aligned-images/Josh/19.png
3,./openface_data/aligned-images/Josh/12.png
3,./openface_data/aligned-images/Josh/14.png
3,./openface_data/aligned-images/Josh/24.png
3,./openface_data/aligned-images/Josh/3.png
3,./openface_data/aligned-images/Josh/5.png
4,./openface_data/aligned-images/Major Charles/16.png
4,./openface_data/aligned-images/Major Charles/25.png
4,./openface_data/aligned-images/Major Charles/14.png
4,./openface_data/aligned-images/Major Charles/1.png
4,./openface_data/aligned-images/Major Charles/13.png
4,./openface_data/aligned-images/Major Charles/8.png
4,./openface_data/aligned-images/Major Charles/18.png
4,./openface_data/aligned-images/Major Charles/6.png
4,./openface_data/aligned-images/Major Charles/17.png
4,./openface_data/aligned-images/Major Charles/26.png
4,./openface_data/aligned-images/Major Charles/24.png
4,./openface_data/aligned-images/Major Charles/20.png
4,./openface_data/aligned-images/Major Charles/15.png
4,./openface_data/aligned-images/Major Charles/7.png
4,./openface_data/aligned-images/Major Charles/21.png
4,./openface_data/aligned-images/Major Charles/23.png
4,./openface_data/aligned-images/Major Charles/4.png
4,./openface_data/aligned-images/Major Charles/27.png
4,./openface_data/aligned-images/Major Charles/11.png
4,./openface_data/aligned-images/Major Charles/10.png
4,./openface_data/aligned-images/Major Charles/2.png
4,./openface_data/aligned-images/Major Charles/3.png
4,./openface_data/aligned-images/Major Charles/9.png
4,./openface_data/aligned-images/Major Charles/19.png
4,./openface_data/aligned-images/Major Charles/5.png
4,./openface_data/aligned-images/Major Charles/12.png
4,./openface_data/aligned-images/Major Charles/22.png
